year,age_group,age_start,sex,population
2024,0-4,0,Female,747934
2024,0-4,0,Male,787606
2024,5-9,5,Female,785102
2024,5-9,5,Male,831674
2024,10-14,10,Female,816362
2024,10-14,10,Male,861955
2024,15-19,15,Female,810615
2024,15-19,15,Male,862298
2024,20-24,20,Female,826979
2024,20-24,20,Male,887045
2024,25-29,25,Female,899687
2024,25-29,25,Male,929022
2024,30-34,30,Female,991408
2024,30-34,30,Male,971458
2024,35-39,35,Female,988443
2024,35-39,35,Male,965119
2024,40-44,40,Female,927324
2024,40-44,40,Male,909395
2024,45-49,45,Female,824260
2024,45-49,45,Male,800790
2024,50-54,50,Female,859103
2024,50-54,50,Male,832661
2024,55-59,55,Female,789251
2024,55-59,55,Male,758199
2024,60-64,60,Female,800275
2024,60-64,60,Male,758467
2024,65-69,65,Female,716987
2024,65-69,65,Male,663990
2024,70-74,70,Female,620189
2024,70-74,70,Male,567628
2024,75-79,75,Female,511619
2024,75-79,75,Male,467814
2024,80-84,80,Female,330642
2024,80-84,80,Male,285219
2024,85+,85,Female,350458
2024,85+,85,Male,234788
2025,0-4,0,Female,754551
2025,0-4,0,Male,794350
2025,5-9,5,Female,784371
2025,5-9,5,Male,829446
2025,10-14,10,Female,820024
2025,10-14,10,Male,867005
2025,15-19,15,Female,834919
2025,15-19,15,Male,885090
2025,20-24,20,Female,842681
2025,20-24,20,Male,903941
2025,25-29,25,Female,900284
2025,25-29,25,Male,934899
2025,30-34,30,Female,995454
2025,30-34,30,Male,979283
2025,35-39,35,Female,1005018
2025,35-39,35,Male,978872
2025,40-44,40,Female,956691
2025,40-44,40,Male,938592
2025,45-49,45,Female,837087
2025,45-49,45,Male,810243
2025,50-54,50,Female,858277
2025,50-54,50,Male,832053
2025,55-59,55,Female,802956
2025,55-59,55,Male,769546
2025,60-64,60,Female,805450
2025,60-64,60,Male,763982
2025,65-69,65,Female,737388
2025,65-69,65,Male,682919
2025,70-74,70,Female,634319
2025,70-74,70,Male,577632
2025,75-79,75,Female,535154
2025,75-79,75,Male,485817
2025,80-84,80,Female,348559
2025,80-84,80,Male,301164
2025,85+,85,Female,361224
2025,85+,85,Male,245770
2026,0-4,0,Female,758641
2026,0-4,0,Male,798661
2026,5-9,5,Female,782971
2026,5-9,5,Male,827132
2026,10-14,10,Female,827041
2026,10-14,10,Male,874465
2026,15-19,15,Female,850522
2026,15-19,15,Male,900146
2026,20-24,20,Female,864362
2026,20-24,20,Male,924883
2026,25-29,25,Female,903637
2026,25-29,25,Male,944636
2026,30-34,30,Female,993779
2026,30-34,30,Male,982533
2026,35-39,35,Female,1020767
2026,35-39,35,Male,990636
2026,40-44,40,Female,979318
2026,40-44,40,Male,960443
2026,45-49,45,Female,860205
2026,45-49,45,Male,830445
2026,50-54,50,Female,843566
2026,50-54,50,Male,820000
2026,55-59,55,Female,830250
2026,55-59,55,Male,792893
2026,60-64,60,Female,803086
2026,60-64,60,Male,761531
2026,65-69,65,Female,759865
2026,65-69,65,Male,703075
2026,70-74,70,Female,649917
2026,70-74,70,Male,590784
2026,75-79,75,Female,556888
2026,75-79,75,Male,501368
2026,80-84,80,Female,368279
2026,80-84,80,Male,319200
2026,85+,85,Female,372645
2026,85+,85,Male,257114
2027,0-4,0,Female,758274
2027,0-4,0,Male,798939
2027,5-9,5,Female,788546
2027,5-9,5,Male,831476
2027,10-14,10,Female,828307
2027,10-14,10,Male,876353
2027,15-19,15,Female,861078
2027,15-19,15,Male,908736
2027,20-24,20,Female,894001
2027,20-24,20,Male,957174
2027,25-29,25,Female,906654
2027,25-29,25,Male,952207
2027,30-34,30,Female,990434
2027,30-34,30,Male,984587
2027,35-39,35,Female,1033277
2027,35-39,35,Male,999863
2027,40-44,40,Female,997946
2027,40-44,40,Male,975590
2027,45-49,45,Female,886825
2027,45-49,45,Male,858348
2027,50-54,50,Female,832119
2027,50-54,50,Male,807825
2027,55-59,55,Female,854458
2027,55-59,55,Male,814266
2027,60-64,60,Female,800045
2027,60-64,60,Male,757280
2027,65-69,65,Female,779812
2027,65-69,65,Male,722881
2027,70-74,70,Female,667673
2027,70-74,70,Male,605219
2027,75-79,75,Female,562142
2027,75-79,75,Male,502508
2027,80-84,80,Female,401388
2027,80-84,80,Male,347751
2027,85+,85,Female,386413
2027,85+,85,Male,270699
2028,0-4,0,Female,761926
2028,0-4,0,Male,802840
2028,5-9,5,Female,791385
2028,5-9,5,Male,833699
2028,10-14,10,Female,826901
2028,10-14,10,Male,874085
2028,15-19,15,Female,868321
2028,15-19,15,Male,916383
2028,20-24,20,Female,922369
2028,20-24,20,Male,987425
2028,25-29,25,Female,915361
2028,25-29,25,Male,963994
2028,30-34,30,Female,983503
2028,30-34,30,Male,982878
2028,35-39,35,Female,1042583
2028,35-39,35,Male,1009396
2028,40-44,40,Female,1012065
2028,40-44,40,Male,984489
2028,45-49,45,Female,918592
2028,45-49,45,Male,892192
2028,50-54,50,Female,829093
2028,50-54,50,Male,801895
2028,55-59,55,Female,868147
2028,55-59,55,Male,827387
2028,60-64,60,Female,798687
2028,60-64,60,Male,754413
2028,65-69,65,Female,796938
2028,65-69,65,Male,740262
2028,70-74,70,Female,685901
2028,70-74,70,Male,620085
2028,75-79,75,Female,573475
2028,75-79,75,Male,509133
2028,80-84,80,Female,429903
2028,80-84,80,Male,372235
2028,85+,85,Female,400186
2028,85+,85,Male,283145
2029,0-4,0,Female,764882
2029,0-4,0,Male,806000
2029,5-9,5,Female,794780
2029,5-9,5,Male,835788
2029,10-14,10,Female,825343
2029,10-14,10,Male,872962
2029,15-19,15,Female,874072
2029,15-19,15,Male,921710
2029,20-24,20,Female,944607
2029,20-24,20,Male,1009806
2029,25-29,25,Female,927783
2029,25-29,25,Male,979365
2029,30-34,30,Female,977253
2029,30-34,30,Male,981987
2029,35-39,35,Female,1048695
2029,35-39,35,Male,1017210
2029,40-44,40,Female,1026485
2029,40-44,40,Male,995409
2029,45-49,45,Female,947361
2029,45-49,45,Male,922608
2029,50-54,50,Female,834822
2029,50-54,50,Male,803984
2029,55-59,55,Female,871015
2029,55-59,55,Male,831158
2029,60-64,60,Female,805497
2029,60-64,60,Male,758723
2029,65-69,65,Female,808737
2029,65-69,65,Male,751703
2029,70-74,70,Female,705467
2029,70-74,70,Male,638244
2029,75-79,75,Female,586402
2029,75-79,75,Male,517590
2029,80-84,80,Female,451825
2029,80-84,80,Male,388986
2029,85+,85,Female,418555
2029,85+,85,Male,299503
2030,0-4,0,Female,767651
2030,0-4,0,Male,808964
2030,5-9,5,Female,799520
2030,5-9,5,Male,840604
2030,10-14,10,Female,823015
2030,10-14,10,Male,869090
2030,15-19,15,Female,875348
2030,15-19,15,Male,924264
2030,20-24,20,Female,963519
2030,20-24,20,Male,1026609
2030,25-29,25,Female,939477
2030,25-29,25,Male,992552
2030,30-34,30,Female,974745
2030,30-34,30,Male,985650
2030,35-39,35,Female,1050408
2030,35-39,35,Male,1023064
2030,40-44,40,Female,1041413
2030,40-44,40,Male,1007735
2030,45-49,45,Female,975633
2030,45-49,45,Male,950790
2030,50-54,50,Female,846926
2030,50-54,50,Male,812903
2030,55-59,55,Female,869354
2030,55-59,55,Male,830071
2030,60-64,60,Female,817892
2030,60-64,60,Male,769078
2030,65-69,65,Female,812735
2030,65-69,65,Male,756224
2030,70-74,70,Female,724583
2030,70-74,70,Male,655727
2030,75-79,75,Female,599611
2030,75-79,75,Male,526930
2030,80-84,80,Female,472466
2030,80-84,80,Male,404153
2030,85+,85,Female,439118
2030,85+,85,Male,317148
2031,0-4,0,Female,770496
2031,0-4,0,Male,811997
2031,5-9,5,Female,801731
2031,5-9,5,Male,842981
2031,10-14,10,Female,820014
2031,10-14,10,Male,865134
2031,15-19,15,Female,880005
2031,15-19,15,Male,929254
2031,20-24,20,Female,973726
2031,20-24,20,Male,1035681
2031,25-29,25,Female,957135
2031,25-29,25,Male,1009765
2031,30-34,30,Female,974980
2031,30-34,30,Male,993151
2031,35-39,35,Female,1046408
2031,35-39,35,Male,1024356
2031,40-44,40,Female,1055501
2031,40-44,40,Male,1018076
2031,45-49,45,Female,997195
2031,45-49,45,Male,971674
2031,50-54,50,Female,869227
2031,50-54,50,Male,832424
2031,55-59,55,Female,853995
2031,55-59,55,Male,817788
2031,60-64,60,Female,843634
2031,60-64,60,Male,791083
2031,65-69,65,Female,809370
2031,65-69,65,Male,753086
2031,70-74,70,Female,745655
2031,70-74,70,Male,674346
2031,75-79,75,Female,614126
2031,75-79,75,Male,539042
2031,80-84,80,Female,491283
2031,80-84,80,Male,417124
2031,85+,85,Female,460777
2031,85+,85,Male,335921
2032,0-4,0,Female,773616
2032,0-4,0,Male,815326
2032,5-9,5,Female,799461
2032,5-9,5,Male,841299
2032,10-14,10,Female,823958
2032,10-14,10,Male,867799
2032,15-19,15,Female,878853
2032,15-19,15,Male,928614
2032,20-24,20,Female,978805
2032,20-24,20,Male,1038202
2032,25-29,25,Female,982666
2032,25-29,25,Male,1038236
2032,30-34,30,Female,974827
2032,30-34,30,Male,998439
2032,35-39,35,Female,1040696
2032,35-39,35,Male,1024428
2032,40-44,40,Female,1066341
2032,40-44,40,Male,1025853
2032,45-49,45,Female,1014755
2032,45-49,45,Male,985902
2032,50-54,50,Female,894987
2032,50-54,50,Male,859536
2032,55-59,55,Female,841847
2032,55-59,55,Male,805364
2032,60-64,60,Female,866289
2032,60-64,60,Male,811101
2032,65-69,65,Female,805334
2032,65-69,65,Male,748206
2032,70-74,70,Female,764251
2032,70-74,70,Male,692564
2032,75-79,75,Female,630603
2032,75-79,75,Male,552210
2032,80-84,80,Female,496267
2032,80-84,80,Male,418838
2032,85+,85,Female,494740
2032,85+,85,Male,363926
2033,0-4,0,Female,777311
2033,0-4,0,Male,819250
2033,5-9,5,Female,801570
2033,5-9,5,Male,843607
2033,10-14,10,Female,825461
2033,10-14,10,Male,868649
2033,15-19,15,Female,875842
2033,15-19,15,Male,924715
2033,20-24,20,Female,981619
2033,20-24,20,Male,1040920
2033,25-29,25,Female,1007549
2033,25-29,25,Male,1065093
2033,30-34,30,Female,980905
2033,30-34,30,Male,1008359
2033,35-39,35,Female,1031807
2033,35-39,35,Male,1021083
2033,40-44,40,Female,1074234
2033,40-44,40,Male,1034160
2033,45-49,45,Female,1027985
2033,45-49,45,Male,994061
2033,50-54,50,Female,925984
2033,50-54,50,Male,892592
2033,55-59,55,Female,838218
2033,55-59,55,Male,799196
2033,60-64,60,Female,878824
2033,60-64,60,Male,823240
2033,65-69,65,Female,803157
2033,65-69,65,Male,744852
2033,70-74,70,Female,780223
2033,70-74,70,Male,708566
2033,75-79,75,Female,647574
2033,75-79,75,Male,565798
2033,80-84,80,Female,506477
2033,80-84,80,Male,424956
2033,85+,85,Female,523988
2033,85+,85,Male,387257
2034,0-4,0,Female,781521
2034,0-4,0,Male,823708
2034,5-9,5,Female,803367
2034,5-9,5,Male,845573
2034,10-14,10,Female,827820
2034,10-14,10,Male,869670
2034,15-19,15,Female,873232
2034,15-19,15,Male,922539
2034,20-24,20,Female,984106
2034,20-24,20,Male,1042620
2034,25-29,25,Female,1026983
2034,25-29,25,Male,1084631
2034,30-34,30,Female,991276
2034,30-34,30,Male,1022291
2034,35-39,35,Female,1024027
2034,35-39,35,Male,1018927
2034,40-44,40,Female,1079228
2034,40-44,40,Male,1040999
2034,45-49,45,Female,1041687
2034,45-49,45,Male,1004360
2034,50-54,50,Female,954119
2034,50-54,50,Male,922339
2034,55-59,55,Female,843436
2034,55-59,55,Male,801020
2034,60-64,60,Female,880958
2034,60-64,60,Male,826470
2034,65-69,65,Female,809159
2034,65-69,65,Male,748582
2034,70-74,70,Female,791165
2034,70-74,70,Male,719059
2034,75-79,75,Female,665801
2034,75-79,75,Male,582333
2034,80-84,80,Female,517989
2034,80-84,80,Male,432387
2034,85+,85,Female,550767
2034,85+,85,Male,407065
2035,0-4,0,Female,786367
2035,0-4,0,Male,828832
2035,5-9,5,Female,805397
2035,5-9,5,Male,847773
2035,10-14,10,Female,831867
2035,10-14,10,Male,873768
2035,15-19,15,Female,870256
2035,15-19,15,Male,918015
2035,20-24,20,Female,983332
2035,20-24,20,Male,1042900
2035,25-29,25,Female,1043987
2035,25-29,25,Male,1099441
2035,30-34,30,Female,1001603
2035,30-34,30,Male,1034538
2035,35-39,35,Female,1020494
2035,35-39,35,Male,1021744
2035,40-44,40,Female,1080191
2035,40-44,40,Male,1046187
2035,45-49,45,Female,1056102
2035,45-49,45,Male,1016240
2035,50-54,50,Female,981900
2035,50-54,50,Male,949969
2035,55-59,55,Female,855136
2035,55-59,55,Male,809657
2035,60-64,60,Female,878879
2035,60-64,60,Male,825149
2035,65-69,65,Female,820825
2035,65-69,65,Male,758283
2035,70-74,70,Female,794710
2035,70-74,70,Male,723132
2035,75-79,75,Female,683669
2035,75-79,75,Male,598281
2035,80-84,80,Female,529843
2035,80-84,80,Male,440640
2035,85+,85,Female,577542
2035,85+,85,Male,426166
2036,0-4,0,Female,791905
2036,0-4,0,Male,834681
2036,5-9,5,Female,807880
2036,5-9,5,Male,850440
2036,10-14,10,Female,833708
2036,10-14,10,Male,875763
2036,15-19,15,Female,866927
2036,15-19,15,Male,913729
2036,20-24,20,Female,986958
2036,20-24,20,Male,1046749
2036,25-29,25,Female,1053181
2036,25-29,25,Male,1107426
2036,30-34,30,Female,1018536
2036,30-34,30,Male,1051235
2036,35-39,35,Female,1020183
2036,35-39,35,Male,1028783
2036,40-44,40,Female,1075802
2036,40-44,40,Male,1047141
2036,45-49,45,Female,1069879
2036,45-49,45,Male,1026314
2036,50-54,50,Female,1003157
2036,50-54,50,Male,970501
2036,55-59,55,Female,877076
2036,55-59,55,Male,828817
2036,60-64,60,Female,863594
2036,60-64,60,Male,813147
2036,65-69,65,Female,845758
2036,65-69,65,Male,779373
2036,70-74,70,Female,791356
2036,70-74,70,Male,720187
2036,75-79,75,Female,703444
2036,75-79,75,Male,615384
2036,80-84,80,Female,542853
2036,80-84,80,Male,451273
2036,85+,85,Female,603014
2036,85+,85,Male,444047
2037,0-4,0,Female,798145
2037,0-4,0,Male,841266
2037,5-9,5,Female,811000
2037,5-9,5,Male,853769
2037,10-14,10,Female,831439
2037,10-14,10,Male,874083
2037,15-19,15,Female,870868
2037,15-19,15,Male,916395
2037,20-24,20,Female,985812
2037,20-24,20,Male,1046117
2037,25-29,25,Female,1058258
2037,25-29,25,Male,1109957
2037,30-34,30,Female,1044040
2037,30-34,30,Male,1079623
2037,35-39,35,Female,1020038
2037,35-39,35,Male,1034066
2037,40-44,40,Female,1070115
2037,40-44,40,Male,1047226
2037,45-49,45,Female,1080673
2037,45-49,45,Male,1034055
2037,50-54,50,Female,1020588
2037,50-54,50,Male,984590
2037,55-59,55,Female,902587
2037,55-59,55,Male,855513
2037,60-64,60,Female,851709
2037,60-64,60,Male,801170
2037,65-69,65,Female,867887
2037,65-69,65,Male,798712
2037,70-74,70,Female,787572
2037,70-74,70,Male,715813
2037,75-79,75,Female,720945
2037,75-79,75,Male,632149
2037,80-84,80,Female,557578
2037,80-84,80,Male,462715
2037,85+,85,Female,626684
2037,85+,85,Male,460178
2038,0-4,0,Female,805021
2038,0-4,0,Male,848525
2038,5-9,5,Female,814697
2038,5-9,5,Male,857692
2038,10-14,10,Female,833548
2038,10-14,10,Male,876394
2038,15-19,15,Female,872367
2038,15-19,15,Male,917243
2038,20-24,20,Female,982809
2038,20-24,20,Male,1042230
2038,25-29,25,Female,1061072
2038,25-29,25,Male,1112679
2038,30-34,30,Female,1068894
2038,30-34,30,Male,1106405
2038,35-39,35,Female,1026109
2038,35-39,35,Male,1043955
2038,40-44,40,Female,1061259
2038,40-44,40,Male,1043915
2038,45-49,45,Female,1088535
2038,45-49,45,Male,1042316
2038,50-54,50,Female,1033731
2038,50-54,50,Male,992684
2038,55-59,55,Female,933271
2038,55-59,55,Male,888040
2038,60-64,60,Female,848197
2038,60-64,60,Male,795270
2038,65-69,65,Female,880111
2038,65-69,65,Male,810419
2038,70-74,70,Female,785620
2038,70-74,70,Male,712922
2038,75-79,75,Female,735987
2038,75-79,75,Male,646856
2038,80-84,80,Female,572784
2038,80-84,80,Male,474528
2038,85+,85,Female,650321
2038,85+,85,Male,476008
2039,0-4,0,Female,812366
2039,0-4,0,Male,856277
2039,5-9,5,Female,818908
2039,5-9,5,Male,862152
2039,10-14,10,Female,835347
2039,10-14,10,Male,878361
2039,15-19,15,Female,874724
2039,15-19,15,Male,918267
2039,20-24,20,Female,980203
2039,20-24,20,Male,1040065
2039,25-29,25,Female,1063559
2039,25-29,25,Male,1114384
2039,30-34,30,Female,1088307
2039,30-34,30,Male,1125887
2039,35-39,35,Female,1036465
2039,35-39,35,Male,1057847
2039,40-44,40,Female,1053515
2039,40-44,40,Male,1041787
2039,45-49,45,Female,1093506
2039,45-49,45,Male,1049125
2039,50-54,50,Female,1047352
2039,50-54,50,Male,1002896
2039,55-59,55,Female,961108
2039,55-59,55,Male,917292
2039,60-64,60,Female,853391
2039,60-64,60,Male,797153
2039,65-69,65,Female,882186
2039,65-69,65,Male,813560
2039,70-74,70,Female,791571
2039,70-74,70,Male,716730
2039,75-79,75,Female,746257
2039,75-79,75,Male,656520
2039,80-84,80,Female,589031
2039,80-84,80,Male,488719
2039,85+,85,Female,672630
2039,85+,85,Male,490161
2040,0-4,0,Female,819951
2040,0-4,0,Male,864282
2040,5-9,5,Female,823751
2040,5-9,5,Male,867275
2040,10-14,10,Female,837379
2040,10-14,10,Male,880562
2040,15-19,15,Female,878768
2040,15-19,15,Male,922362
2040,20-24,20,Female,977231
2040,20-24,20,Male,1035554
2040,25-29,25,Female,1062789
2040,25-29,25,Male,1114677
2040,30-34,30,Female,1105287
2040,30-34,30,Male,1140655
2040,35-39,35,Female,1046779
2040,35-39,35,Male,1070066
2040,40-44,40,Female,1050009
2040,40-44,40,Male,1044620
2040,45-49,45,Female,1094476
2040,45-49,45,Male,1054299
2040,50-54,50,Female,1061674
2040,50-54,50,Male,1014679
2040,55-59,55,Female,988591
2040,55-59,55,Male,944450
2040,60-64,60,Female,864951
2040,60-64,60,Male,805660
2040,65-69,65,Female,880150
2040,65-69,65,Male,812319
2040,70-74,70,Female,802911
2040,70-74,70,Male,726091
2040,75-79,75,Female,749552
2040,75-79,75,Male,660281
2040,80-84,80,Female,604966
2040,80-84,80,Male,502382
2040,85+,85,Female,694970
2040,85+,85,Male,504545
2041,0-4,0,Female,827524
2041,0-4,0,Male,872273
2041,5-9,5,Female,829287
2041,5-9,5,Male,873123
2041,10-14,10,Female,839861
2041,10-14,10,Male,883232
2041,15-19,15,Female,880609
2041,15-19,15,Male,924355
2041,20-24,20,Female,973907
2041,20-24,20,Male,1031287
2041,25-29,25,Female,1066417
2041,25-29,25,Male,1118525
2041,30-34,30,Female,1114471
2041,30-34,30,Male,1148623
2041,35-39,35,Female,1063684
2041,35-39,35,Male,1086714
2041,40-44,40,Female,1049711
2041,40-44,40,Male,1051645
2041,45-49,45,Female,1090120
2041,45-49,45,Male,1055270
2041,50-54,50,Female,1075365
2041,50-54,50,Male,1024664
2041,55-59,55,Female,1009622
2041,55-59,55,Male,964654
2041,60-64,60,Female,886584
2041,60-64,60,Male,824422
2041,65-69,65,Female,865307
2041,65-69,65,Male,800914
2041,70-74,70,Female,827028
2041,70-74,70,Male,746171
2041,75-79,75,Female,746467
2041,75-79,75,Male,657781
2041,80-84,80,Female,622606
2041,80-84,80,Male,517150
2041,85+,85,Female,717006
2041,85+,85,Male,519989
2042,0-4,0,Female,834828
2042,0-4,0,Male,879982
2042,5-9,5,Female,835524
2042,5-9,5,Male,879709
2042,10-14,10,Female,842980
2042,10-14,10,Male,886563
2042,15-19,15,Female,878344
2042,15-19,15,Male,922686
2042,20-24,20,Female,977847
2042,20-24,20,Male,1033959
2042,25-29,25,Female,1065276
2042,25-29,25,Male,1117905
2042,30-34,30,Female,1119545
2042,30-34,30,Male,1151161
2042,35-39,35,Female,1089144
2042,35-39,35,Male,1115004
2042,40-44,40,Female,1049570
2042,40-44,40,Male,1056913
2042,45-49,45,Female,1084467
2042,45-49,45,Male,1055367
2042,50-54,50,Female,1086086
2042,50-54,50,Male,1032339
2042,55-59,55,Female,1026878
2042,55-59,55,Male,978524
2042,60-64,60,Female,911717
2042,60-64,60,Male,850508
2042,65-69,65,Female,853798
2042,65-69,65,Male,789551
2042,70-74,70,Female,848370
2042,70-74,70,Male,764513
2042,75-79,75,Female,743027
2042,75-79,75,Male,654057
2042,80-84,80,Female,638154
2042,80-84,80,Male,531520
2042,85+,85,Female,738991
2042,85+,85,Male,534973
2043,0-4,0,Female,841619
2043,0-4,0,Male,887147
2043,5-9,5,Female,842394
2043,5-9,5,Male,886967
2043,10-14,10,Female,846676
2043,10-14,10,Male,890489
2043,15-19,15,Female,880455
2043,15-19,15,Male,925001
2043,20-24,20,Female,979347
2043,20-24,20,Male,1034813
2043,25-29,25,Female,1062276
2043,25-29,25,Male,1114032
2043,30-34,30,Female,1122362
2043,30-34,30,Male,1153892
2043,35-39,35,Female,1113951
2043,35-39,35,Male,1141696
2043,40-44,40,Female,1055625
2043,40-44,40,Male,1066761
2043,45-49,45,Female,1075656
2043,45-49,45,Male,1052102
2043,50-54,50,Female,1093900
2043,50-54,50,Male,1040524
2043,55-59,55,Female,1039896
2043,55-59,55,Male,986525
2043,60-64,60,Female,941936
2043,60-64,60,Male,882259
2043,65-69,65,Female,850449
2043,65-69,65,Male,784020
2043,70-74,70,Female,860094
2043,70-74,70,Male,775572
2043,75-79,75,Female,741416
2043,75-79,75,Male,651795
2043,80-84,80,Female,651517
2043,80-84,80,Male,544079
2043,85+,85,Female,761488
2043,85+,85,Male,550326
2044,0-4,0,Female,847708
2044,0-4,0,Male,893571
2044,5-9,5,Female,849735
2044,5-9,5,Male,894718
2044,10-14,10,Female,850883
2044,10-14,10,Male,894950
2044,15-19,15,Female,882255
2044,15-19,15,Male,926972
2044,20-24,20,Female,981703
2044,20-24,20,Male,1035835
2044,25-29,25,Female,1059674
2044,25-29,25,Male,1111881
2044,30-34,30,Female,1124848
2044,30-34,30,Male,1155606
2044,35-39,35,Female,1133329
2044,35-39,35,Male,1161111
2044,40-44,40,Female,1065954
2044,40-44,40,Male,1080601
2044,45-49,45,Female,1067961
2044,45-49,45,Male,1050017
2044,50-54,50,Female,1098842
2044,50-54,50,Male,1047290
2044,55-59,55,Female,1053392
2044,55-59,55,Male,996609
2044,60-64,60,Female,969346
2044,60-64,60,Male,910798
2044,65-69,65,Female,855593
2044,65-69,65,Male,785978
2044,70-74,70,Female,862064
2044,70-74,70,Male,778568
2044,75-79,75,Female,747277
2044,75-79,75,Male,655687
2044,80-84,80,Female,660555
2044,80-84,80,Male,552307
2044,85+,85,Female,783974
2044,85+,85,Male,566498
2045,0-4,0,Female,852982
2045,0-4,0,Male,899131
2045,5-9,5,Female,857315
2045,5-9,5,Male,902722
2045,10-14,10,Female,855723
2045,10-14,10,Male,900073
2045,15-19,15,Female,884289
2045,15-19,15,Male,929174
2045,20-24,20,Female,985741
2045,20-24,20,Male,1039930
2045,25-29,25,Female,1056707
2045,25-29,25,Male,1107392
2045,30-34,30,Female,1124079
2045,30-34,30,Male,1155907
2045,35-39,35,Female,1150275
2045,35-39,35,Male,1175832
2045,40-44,40,Female,1076246
2045,40-44,40,Male,1092786
2045,45-49,45,Female,1064494
2045,45-49,45,Male,1052878
2045,50-54,50,Female,1099821
2045,50-54,50,Male,1052451
2045,55-59,55,Female,1067582
2045,55-59,55,Male,1008250
2045,60-64,60,Female,996403
2045,60-64,60,Male,937279
2045,65-69,65,Female,866946
2045,65-69,65,Male,794312
2045,70-74,70,Female,860056
2045,70-74,70,Male,777434
2045,75-79,75,Female,758092
2045,75-79,75,Male,664517
2045,80-84,80,Female,663329
2045,80-84,80,Male,555436
2045,85+,85,Female,806545
2045,85+,85,Male,582671
2046,0-4,0,Female,857382
2046,0-4,0,Male,903769
2046,5-9,5,Female,864885
2046,5-9,5,Male,910713
2046,10-14,10,Female,861256
2046,10-14,10,Male,905920
2046,15-19,15,Female,886767
2046,15-19,15,Male,931843
2046,20-24,20,Female,987584
2046,20-24,20,Male,1041928
2046,25-29,25,Female,1053389
2046,25-29,25,Male,1103147
2046,30-34,30,Female,1127706
2046,30-34,30,Male,1159756
2046,35-39,35,Female,1159441
2046,35-39,35,Male,1183784
2046,40-44,40,Female,1093111
2046,40-44,40,Male,1109376
2046,45-49,45,Female,1064214
2046,45-49,45,Male,1059884
2046,50-54,50,Female,1095515
2046,50-54,50,Male,1053459
2046,55-59,55,Female,1081150
2046,55-59,55,Male,1018122
2046,60-64,60,Female,1017112
2046,60-64,60,Male,957018
2046,65-69,65,Female,888126
2046,65-69,65,Male,812530
2046,70-74,70,Female,845862
2046,70-74,70,Male,766887
2046,75-79,75,Female,780890
2046,75-79,75,Male,683093
2046,80-84,80,Female,660612
2046,80-84,80,Male,553484
2046,85+,85,Female,830611
2046,85+,85,Male,600708
2047,0-4,0,Female,860927
2047,0-4,0,Male,907507
2047,5-9,5,Female,872189
2047,5-9,5,Male,918419
2047,10-14,10,Female,867491
2047,10-14,10,Male,912503
2047,15-19,15,Female,889883
2047,15-19,15,Male,935171
2047,20-24,20,Female,985325
2047,20-24,20,Male,1040273
2047,25-29,25,Female,1057325
2047,25-29,25,Male,1105822
2047,30-34,30,Female,1126567
2047,30-34,30,Male,1159145
2047,35-39,35,Female,1164508
2047,35-39,35,Male,1186325
2047,40-44,40,Female,1118506
2047,40-44,40,Male,1137547
2047,45-49,45,Female,1064083
2047,45-49,45,Male,1065135
2047,50-54,50,Female,1089911
2047,50-54,50,Male,1053583
2047,55-59,55,Female,1091770
2047,55-59,55,Male,1025719
2047,60-64,60,Female,1034110
2047,60-64,60,Male,970587
2047,65-69,65,Female,912707
2047,65-69,65,Male,837753
2047,70-74,70,Female,834921
2047,70-74,70,Male,756409
2047,75-79,75,Female,800941
2047,75-79,75,Male,699930
2047,80-84,80,Female,657703
2047,80-84,80,Male,550665
2047,85+,85,Female,853163
2047,85+,85,Male,618181
2048,0-4,0,Female,863692
2048,0-4,0,Male,910425
2048,5-9,5,Female,878983
2048,5-9,5,Male,925581
2048,10-14,10,Female,874361
2048,10-14,10,Male,919758
2048,15-19,15,Female,893576
2048,15-19,15,Male,939097
2048,20-24,20,Female,987436
2048,20-24,20,Male,1042587
2048,25-29,25,Female,1058823
2048,25-29,25,Male,1106686
2048,30-34,30,Female,1123571
2048,30-34,30,Male,1155294
2048,35-39,35,Female,1167326
2048,35-39,35,Male,1189065
2048,40-44,40,Female,1143249
2048,40-44,40,Male,1164116
2048,45-49,45,Female,1070116
2048,45-49,45,Male,1074932
2048,50-54,50,Female,1081179
2048,50-54,50,Male,1050383
2048,55-59,55,Female,1099504
2048,55-59,55,Male,1033810
2048,60-64,60,Female,1046948
2048,60-64,60,Male,978464
2048,65-69,65,Female,942244
2048,65-69,65,Male,868413
2048,70-74,70,Female,831820
2048,70-74,70,Male,751406
2048,75-79,75,Female,811826
2048,75-79,75,Male,709990
2048,80-84,80,Female,656648
2048,80-84,80,Male,549296
2048,85+,85,Female,874623
2048,85+,85,Male,634613
2049,0-4,0,Female,865784
2049,0-4,0,Male,912633
2049,5-9,5,Female,885071
2049,5-9,5,Male,932001
2049,10-14,10,Female,881700
2049,10-14,10,Male,927507
2049,15-19,15,Female,897782
2049,15-19,15,Male,943557
2049,20-24,20,Female,989234
2049,20-24,20,Male,1044560
2049,25-29,25,Female,1061178
2049,25-29,25,Male,1107714
2049,30-34,30,Female,1120980
2049,30-34,30,Male,1153165
2049,35-39,35,Female,1169811
2049,35-39,35,Male,1190788
2049,40-44,40,Female,1162573
2049,40-44,40,Male,1183448
2049,45-49,45,Female,1080409
2049,45-49,45,Male,1088691
2049,50-54,50,Female,1073558
2049,50-54,50,Male,1048367
2049,55-59,55,Female,1104409
2049,55-59,55,Male,1040517
2049,60-64,60,Female,1060255
2049,60-64,60,Male,988374
2049,65-69,65,Female,969028
2049,65-69,65,Male,895957
2049,70-74,70,Female,836898
2049,70-74,70,Male,753475
2049,75-79,75,Female,813574
2049,75-79,75,Male,712728
2049,80-84,80,Female,662335
2049,80-84,80,Male,553252
2049,85+,85,Female,892710
2049,85+,85,Male,648370
2050,0-4,0,Female,867319
2050,0-4,0,Male,914255
2050,5-9,5,Female,890344
2050,5-9,5,Male,937560
2050,10-14,10,Female,889280
2050,10-14,10,Male,935510
2050,15-19,15,Female,902623
2050,15-19,15,Male,948681
2050,20-24,20,Female,991267
2050,20-24,20,Male,1046766
2050,25-29,25,Female,1065215
2050,25-29,25,Male,1111804
2050,30-34,30,Female,1118019
2050,30-34,30,Male,1148703
2050,35-39,35,Female,1169055
2050,35-39,35,Male,1191099
2050,40-44,40,Female,1179466
2050,40-44,40,Male,1198109
2050,45-49,45,Female,1090681
2050,45-49,45,Male,1100820
2050,50-54,50,Female,1070136
2050,50-54,50,Male,1051258
2050,55-59,55,Female,1105403
2050,55-59,55,Male,1045668
2050,60-64,60,Female,1074261
2050,60-64,60,Male,999806
2050,65-69,65,Female,995443
2050,65-69,65,Male,921487
2050,70-74,70,Female,847936
2050,70-74,70,Male,761554
2050,75-79,75,Female,811574
2050,75-79,75,Male,711698
2050,80-84,80,Female,672222
2050,80-84,80,Male,561201
2050,85+,85,Female,905896
2050,85+,85,Male,658259
2051,0-4,0,Female,868438
2051,0-4,0,Male,915439
2051,5-9,5,Female,894742
2051,5-9,5,Male,942197
2051,10-14,10,Female,896848
2051,10-14,10,Male,943497
2051,15-19,15,Female,908157
2051,15-19,15,Male,954529
2051,20-24,20,Female,993748
2051,20-24,20,Male,1049436
2051,25-29,25,Female,1067059
2051,25-29,25,Male,1113805
2051,30-34,30,Female,1114707
2051,30-34,30,Male,1144486
2051,35-39,35,Female,1172680
2051,35-39,35,Male,1194948
2051,40-44,40,Female,1188605
2051,40-44,40,Male,1206029
2051,45-49,45,Female,1107487
2051,45-49,45,Male,1117334
2051,50-54,50,Female,1069877
2051,50-54,50,Male,1058242
2051,55-59,55,Female,1101162
2051,55-59,55,Male,1046720
2051,60-64,60,Female,1087648
2051,60-64,60,Male,1009526
2051,65-69,65,Female,1015680
2051,65-69,65,Male,940553
2051,70-74,70,Female,868438
2051,70-74,70,Male,778986
2051,75-79,75,Female,798413
2051,75-79,75,Male,702395
2051,80-84,80,Female,692771
2051,80-84,80,Male,577423
2051,85+,85,Female,916095
2051,85+,85,Male,665848
2052,0-4,0,Female,869281
2052,0-4,0,Male,916332
2052,5-9,5,Female,898285
2052,5-9,5,Male,945936
2052,10-14,10,Female,904148
2052,10-14,10,Male,951198
2052,15-19,15,Female,914392
2052,15-19,15,Male,961112
2052,20-24,20,Female,996863
2052,20-24,20,Male,1052766
2052,25-29,25,Female,1064808
2052,25-29,25,Male,1112167
2052,30-34,30,Female,1118639
2052,30-34,30,Male,1147157
2052,35-39,35,Female,1171550
2052,35-39,35,Male,1194359
2052,40-44,40,Female,1193662
2052,40-44,40,Male,1208584
2052,45-49,45,Female,1132775
2052,45-49,45,Male,1145315
2052,50-54,50,Female,1069764
2052,50-54,50,Male,1063482
2052,55-59,55,Female,1095636
2052,55-59,55,Male,1046877
2052,60-64,60,Female,1098112
2052,60-64,60,Male,1017000
2052,65-69,65,Female,1032302
2052,65-69,65,Male,953696
2052,70-74,70,Female,892181
2052,70-74,70,Male,802979
2052,75-79,75,Female,788398
2052,75-79,75,Male,693206
2052,80-84,80,Female,710572
2052,80-84,80,Male,591874
2052,85+,85,Female,925263
2052,85+,85,Male,672610
2053,0-4,0,Female,869981
2053,0-4,0,Male,917070
2053,5-9,5,Female,901049
2053,5-9,5,Male,948860
2053,10-14,10,Female,910939
2053,10-14,10,Male,958357
2053,15-19,15,Female,921260
2053,15-19,15,Male,968361
2053,20-24,20,Female,1000553
2053,20-24,20,Male,1056693
2053,25-29,25,Female,1066925
2053,25-29,25,Male,1114489
2053,30-34,30,Female,1120139
2053,30-34,30,Male,1148027
2053,35-39,35,Female,1168567
2053,35-39,35,Male,1190539
2053,40-44,40,Female,1196474
2053,40-44,40,Male,1211330
2053,45-49,45,Female,1157406
2053,45-49,45,Male,1171712
2053,50-54,50,Female,1075779
2053,50-54,50,Male,1073195
2053,55-59,55,Female,1087009
2053,55-59,55,Male,1043774
2053,60-64,60,Female,1105752
2053,60-64,60,Male,1024953
2053,65-69,65,Female,1044876
2053,65-69,65,Male,961383
2053,70-74,70,Female,920695
2053,70-74,70,Male,832072
2053,75-79,75,Female,785695
2053,75-79,75,Male,688972
2053,80-84,80,Female,719978
2053,80-84,80,Male,600324
2053,85+,85,Female,935449
2053,85+,85,Male,680016
2054,0-4,0,Female,870661
2054,0-4,0,Male,917785
2054,5-9,5,Female,903139
2054,5-9,5,Male,951072
2054,10-14,10,Female,917025
2054,10-14,10,Male,964775
2054,15-19,15,Female,928596
2054,15-19,15,Male,976107
2054,20-24,20,Female,1004756
2054,20-24,20,Male,1061144
2054,25-29,25,Female,1068730
2054,25-29,25,Male,1116467
2054,30-34,30,Female,1122497
2054,30-34,30,Male,1149074
2054,35-39,35,Female,1165982
2054,35-39,35,Male,1188426
2054,40-44,40,Female,1198956
2054,40-44,40,Male,1213068
2054,45-49,45,Female,1176642
2054,45-49,45,Male,1190915
2054,50-54,50,Female,1086015
2054,50-54,50,Male,1086850
2054,55-59,55,Female,1079496
2054,55-59,55,Male,1041856
2054,60-64,60,Female,1110607
2054,60-64,60,Male,1031571
2054,65-69,65,Female,1057909
2054,65-69,65,Male,971043
2054,70-74,70,Female,946520
2054,70-74,70,Male,858155
2054,75-79,75,Female,790678
2054,75-79,75,Male,691208
2054,80-84,80,Female,721313
2054,80-84,80,Male,602593
2054,85+,85,Female,948842
2054,85+,85,Male,689837
